beta,members,end,Az_max_over_gamma,Az_last_over_gamma,n_folds,stopped
0.032000,298,completed,0.995509,0.995509,2,"Az=0.015172 left bounds [1.51338e-05, 0.0151338]"
0.034000,305,completed,0.990319,0.990319,2,"Az=0.0155793 left bounds [1.5574e-05, 0.015574]"
0.036000,308,completed,0.989562,0.989562,2,"Az=0.0160962 left bounds [1.60281e-05, 0.0160281]"
0.038000,313,completed,0.992485,0.992485,2,"Az=0.0167414 left bounds [1.64956e-05, 0.0164956]"
0.039000,81,collapse,0.784364,0.029101,2,"Az=-3.29297e-11 left bounds [1.67343e-05, 0.0167343]"
0.039500,56,collapse,0.781068,0.035569,2,"Az=-1.40209e-13 left bounds [1.68549e-05, 0.0168549]"
0.040000,40,collapse,0.776051,0.087871,1,"Az=5.53504e-12 left bounds [1.69763e-05, 0.0169763]"
0.042000,32,collapse,0.760190,0.121777,1,"Az=4.77096e-12 left bounds [1.74697e-05, 0.0174697]"
0.045000,57,collapse,0.739194,0.086820,1,"Az=3.19008e-09 left bounds [1.82327e-05, 0.0182327]"
